DAVE + Spread LM,SVM3,Maxstat RF
9.886342295931438,9.748613879007205,14.383709835761861
